price,title
"49,500원",리디셀렉트 10개월 이용권 반 값 + 1개월 보너스
"12,900원",남성 겨울 이너자켓 체크기모 배색 집업가디건
"12,800원",[맥콜]맥콜 160ml 60캔(총 2박스) / 탄산음료
"6,900원",엄마애바다 세지리멸치 1.5kg
"29,610원",제주돼지 통까스 8팩 +  제주돼지 치즈통까스 2팩 + 감귤브라운소스 5팩 + 토마토레드소
"10,900원",참좋은 반건시 곶감 10입2팩 (40g내외) 20입
"10,900원",최상급 통통생굴 1Kg / 단 하루 1000개 한정 무배특가
"5,900원",무료배송 대용량 디퓨저 방향제 500ml+섬유스틱5p포함
"7,900원",1+1+1 든든한세끼 찰순대450g 3개 무료배송
"21,600원",[배스킨라빈스]엘사와 안나의 겨울왕국
"12,900원",[카페베네](신제품) 청귤모히또/망고패션후츠르 외 2개 골라담기
"25,600원",[배스킨라빈스]미키와친구들_룰렛 케이크
"15,900원",[가포]발각질제거기 굳은살제거기 발바닥각질 풋케어 +사은품
"29,900원",홈쇼핑히트 빅사이즈 구스다운 롱패딩
"19,900원",(Gtable) 노르웨이 생연어회 500g+소스3종
"10,300원",[베베앙]베베앙 아기물티슈  시그니처 대용량 100매 캡형 10팩
"49,050원",행복사랑미 쌀 20kg
"10,000원",20% 쿠폰 제이나나 초특가 내복/브라탑/팬티
"9,900원",파인애플 잼 비스킷 10봉+1봉더단하루 태국쇼핑템
"48,250원",[에쓰오일](S-OIL) 모바일주유권 5만원/ 실시간발송/ 주유상품권
"20,800원",[배스킨라빈스]산타의 선물상자
"5,900원",패브릭 벽걸이 주머니 1+1 외 리빙용품 50종 +사은품
"53,360원",[컨버스][컨버스] 척테일러 올스타 클래식 하이 M9160C_001
"12,900원",[앤디애플]아동복/티셔츠/레깅스/기모바지/패딩/코트/원피스
"9,900원",[키즈레시피]키즈레시피 겨울왕국2/엘사/브롤스타즈/겨울 아동복
"6,900원",감귤나라 10KG 중대과 맛없으면 100%환불
"22,400원",[배스킨라빈스]미키와친구들_캐릭터팝
"9,800원",클리오/페리페라外 12월 클클세일~75%
"21,900원",[롯데제과]퀘이커 오트그래놀라 골든넛츠 /크랜베리바나나 640gX2
"29,960원",[휠라](신세계본점)BEST 신발 3만원대부터(꼬모 FS1SIB1270X/토러스 FS1RIB3031X/스플라인 FS1SIB1451X 外)
"21,600원",[파리바게뜨](파리바게뜨) 앤디워홀과 고양이 샘 치즈케이크
"27,600원",[다우니]고농축 다우니 엑스퍼트 실내건조1L 6개
"19,000원",4대째 이어온 한씨떡집 떡국떡 3Kg(1Kg 3개)
"12,900원",아우라 드라이시트 윌유메리미 120매
"16,900원",데이뮤즈 양털/니트/패딩/코트/후드집업/원피스/롱
"9,900원",이순신수산의 국내산 새꼬막 2kg
"13,900원",[아토세이프]덴티본조르노 치약100g(잇몸 2개+치석 2개+구취 2개)
"8,900원",프롬산타 겨울양말 남자여자중목발목장목긴목삭스정장
"11,900원",[아워홈]잡채말이어묵/고추잡채/야채만두속어묵 1kg+1kg
"29,900원",[메디트리]레드 크릴오일 1000 크릴새우 3박스 3개월
"11,900원",[속옷미인]사은품/수면잠옷 홈웨어 잠옷 파자마 원피스 수면바지
"15,900원",저분자 피쉬 콜라겐 비타민C 히아루론산 유산균 90포
"22,900원",[잘풀리는집]잘풀리는집 순수 프리미엄 30mx30롤 2팩/화장지
"20,000원",[배스킨라빈스]미키미니 홀리데이
"32,900원",[맥심]맥심 화이트골드 160T+160T 총320T/커피믹스
"135,150원",[이경제][시즌5 시그니처]  더힘찬 녹용 (60ml 30포 4박스  약 4개월분)
"12,900원",메이시스 겨울니트 가디건/코트/기모티/패딩
"3,900원",[하이드로더치]10+10+7 하이드로 더치커피 콜드브루 원두 커피
"34,800원",[맥심]모카골드 커피믹스 160T+160T +후드목베개(색상랜덤1)
"28,800원",고객감사 할인이벤트 3SK택배박스
"12,900원",아이러브베베물티슈핑크100매캡형X20팩
"20,800원",[배스킨라빈스]골라먹는 와츄원
"9,900원",제니트 겨울 루즈핏 롱 폴라 니트 조끼 터틀넥 원피스
"2,900원",[서울마님죽]서울마님죽 17종 골라담기 {GP013} 팥죽 500g
"102,550원",[블루래빗]NEW 오감발달 첫 놀이감 (전16종)
"7,900원",마이셰프  밀푀유나베(2인  1080g) 밀키트
"9,900원",[크로커다일]1+1증정 여성 모 장갑/가죽장갑/터치장갑/모직장갑
"9,900원",세리엘 구체관절인형 미니16cm~30cm 베스트 22종
"19,900원",대박난박양 빅사이즈원피스 여성니트 모임원피스
"10,900원",[아토세이프]쉬슬러 구스다운워시 세제 (10회분 1팩) +증정
"9,900원",[매일유업]매일 커피맛 멸균우유 200ml 24팩/우유
"7,900원",본사공식 풀무원 샘물 생수 2Lx12 무료배송
"26,400원",[배스킨라빈스]미키와친구들_라이팅 케이크
"44,700원",[JW중외]리얼메디 크릴오일 남극 크릴 새우 인지질58% 3박스
"2,900원",[서울마님죽]서울마님죽 17종 골라담기 {GP012} 단팥죽 500g
"27,900원",[박스포유]100%직접생산/ 박스포유 택배박스
"22,600원",[시저]이베이전용 시저 강아지캔 18개
"13,900원",[밀크코튼]밀크코튼 고농축 퍼퓸 섬유유연제 (파우더3.06L 2개)
"9,900원",요즘에/연말초특가/기모팬츠/청바지/슬랙스/빅사이즈
"25,250원",[아침농산]국산 농부의아침 백미10kg 2019년산 햅쌀
"9,900원",달리샵 연말모임룩 꾸안꾸 데일리룩
"12,900원",[제이스맘]여아털구두 여아구두 아동겨울신발 털슬립온 부츠
"24,000원",[배스킨라빈스]듀얼 와츄원 NO.9 
"131,120원",/이제뷰티/ 리얼석류 총 120포 (개당 20g)
"141,000원",바이올렛 에버가든 TV시리즈 VOL.1~4 전권 + 우리말 녹음 + 일본 성우 및 스태프 코멘터리 + 70p 스페셜 북클릿 + 극장상영판 스페셜 디스크 포함 세컨드 에디션...
"9,900원",[삐아]1+1+1 무배 삐아 라스트 오토 젤 아이라이너
"17,900원",[닥터방기원]랩샴푸 탈모샴푸 1LX2 대용량 탈모샴푸 두피샴푸
"11,900원",더무지 기모 맨투맨 후드 후드집업 후리스 남여공용
"19,900원",[츄파춥스]크리스마스 한정판 슬림휠+한국도자기쁘띠컵2종
"15,900원",통영 자연산 최상급 생물 삼치 2KG 4-6미
"28,950원",[에쓰오일](S-OIL) 모바일주유권 3만원/ 실시간발송/ 주유상품권
"9,300원",[삼성전자]갤럭시S10 5G S9플러스 노트10 노트9 8 지갑형 핸드폰
"13,900원",[디프니]디프니 원피스/롱원피스/겨울원피스/여성원피스
"48,580원",[손오공][손오공] 헬로카봇 앵그리퍼프 카봇앵그리퍼프
"9,900원",[데일리콤마]디퓨저 크리스마스 선물세트 2+2+쇼핑백
"14,900원",[휠라언더웨어]후기HOT 휠라 여성 언더웨어세트/브라팬티Set/동내의
"8,900원",[이디야커피](스마일클럽) 1만원권
"18,900원",[듀라셀]알카라인 건전지 AA /20입x2개 + 듀라박스 + 무드전구
"85,000원",(12/19 이후 발송) 노부영 알파벳 리더 24종 풀세트 (Alphabet Readers) 선택구매
"29,610원",[영실업]시크릿쥬쥬 별의여신 시크릿 에메랄드 기타
"13,900원",[베이비베이비]베이비베이비 아기물티슈 트윙클120매 20팩 캡형
"34,900원",에코 보수볼(돔볼)
"45,100원",[시세이도]12월19일 예약 시세이도 쿠션 정품 리필증정 세트(신규컬러 N1.5 출시)(갤러리아)
"13,900원",청정우 차돌박이 (3초구이 샤브용) 250g+250g+250g
"8,900원",시스터 기모신상 빅사이즈55~88원피스/롱티/팬츠/세트
"2,900원",[서울마님죽]서울마님죽 17종 골라담기 {GP001} 호박죽 500g
"18,570원",[페브리즈]페브리즈 섬유탈취제 다우니향 370ml 5개
"25,900원",[풀무원]모짜렐라 핫도그 20개입
"51,770원",하늘누리 신동진 쌀 20kg
"40,800원",PC 몬스터헌터 월드 아이스본 / 한글판 / 스팀코드
"26,500원",[순수식품]배도라지청 스틱 4박스(120포) 도라지 배 생강
"49,900원", 국내산 소등심으로 만든 이우철의 흑마늘 부추파불고기 14팩 
"62,910원",[서초동 유명맛집] 眞갈비탕 총12팩 무려 9.6kg(800g 12팩)
"26,900원",[잘풀리는집]순수PURE 천연펄프 25m30롤 x3팩/휴지/화장지
"7,990원",[가야농장]가야농장  1.5L 인기 5종기획(알토감사복)
"9,900원",[아토세이프]강호동의 쉬슬러 구스다운세제 (650ml 1개) +증정
"21,900원",[농심]X-mas 한정판 모노튜브패키지+쁘띠컵2P 스마일배송단독
"9,900원",[마르조]마르조/ 잭필드 FW이월특가/블라우스/점퍼/니트/팬츠
"95,000원",[구글플레이](카드가능) 기프트코드 10만원 / 구글 기프트카드
"34,500원",[미미월드] 어디가 리틀미미 여행가자 가방호텔
"35,910원",[비비고]() 죽 총13팩(전복죽 2 +소고기죽 3 + 버섯야채죽 3 + 단호박죽 2+ 녹두닭죽 3
"9,900원",꼰띠키즈 핫한세일 아동복/티셔츠/레깅스/바지/아우터
"9,900원",블랙앵거스 소고기 부채살 스테이크 400g+소스 증정
"20,070원",[Miel]신상품 런칭기념 미엘물티슈 클래식 100매 캡형 20팩
"10,000원",제이나나 베스트 잠옷/파자마/수면잠옷입고
"25,400원",[큐씨와이]신상품QCY T5블루투스 무선 이어폰 /큐씨와이T5/재고o
"11,900원",[제주삼다수]제주삼다수 2L 12병/생수전문배송
"12,900원",[조아트]크리스마스트리 벽트리 장식 소품 앵두 전구 풀세트
"32,900원",[맥심]화이트골드 커피믹스 160T+160T 커피
"8,550원",[CGV](CGV) 영화관람권 1매/예매권/영화티켓/전일 사용가능
"25,580원",특가 보드게임 174종 할리갈리/루미큐브 무료배송
"15,900원",아이러브베베물티슈 아이보리72매캡형X20팩
"12,900원",[시크릿데이](최종9900원) NO SAP자연흡수 코튼 생리대 4팩+물티슈
"23,310원",[BYO]CJ BYO 20억 생유산균 30포 x 3개 (2+1) (총90포)
"12,900원",센스 물티슈 거북이 캡형 100매 10팩+10팩(총20팩)
"74,310원",[데싱디바]19 FW 최신상  글램무브 컬렉션
"39,900원",[애경]Age20S 다이아팩트케이스+리필3개+퍼프4개 21호+사은품
"18,900원",[뉴트로지나]딥 클린 포밍 클렌저 175g 3개
"11,900원",[테크액체세제]테크 파워액체세제 대용량 8L (일반/드럼겸용)
"15,900원",[영실업]핫딜/기저귀콩콩이/쏘잉스쿨/콩순이인형/콩콩이인형
"14,900원",웰스트리 1m~1.6m 크리스마스트리 풀세트 벽트리
"12,900원",[메디힐]메디힐 12월 연말 클리어런스 / 베스트 모음전
"9,900원",투투10%즉시 기모슬랙스/청바지 부츠컷 빅사이즈5XL
"29,800원",플레이 팩토 보드게임 5종 선택구매/공간감각 논리 집중 문제해결 관찰 분석 사고력향상
"48,900원",19년도 햅쌀 농부의미소 20KG쌀/포  지마켓
"47,500원",[구글플레이](카드가능) 기프트코드 5만원 / 구글 기프트카드
"22,900원",[매일우유]매일 멸균우유 200ml 48팩/우유
"74,310원",[데싱디바]19 FW 최신상  톤업네일 컬렉션
"45,900원", 어랍쇼 연말특집  ARS 10%할인 [한입금게장]간장게장6팩+양념게장5팩(총 11팩)
"29,500원",대형 오프로드 레이싱 충전식 RC카  블랙
"52,720원",[강강술래]   황제 갈비탕 700g X 11팩
"9,900원",[데이데이비쥬]아쿠아퍼플 물티슈 캡형 70매 10팩 아기물티슈
"39,900원",[MAC]1+1  맥 립스틱 3g
"11,800원",[핫앤핫]프리미엄핫앤핫 FDA 대용량 군용 미니 발 붙이는 핫팩
"14,900원",[켈로그]아몬드푸레이크 600g  파우치형 3봉지
"17,600원",[파리바게뜨](파리바게뜨) 별이 빛나는 크리스마스 밤
"159,000원",[천재교육] 2020년 월간우등생 학습지_1년 구성
"17,900원",떳다그녀 여성 빅사이즈/패딩/원피스/맨투맨/블라우스
"9,900원",[다온샵]10%즉시 연말세일/기모청바지/슬랙스/빅사이즈/연말룩
"12,900원",스위트바니 겨울신상5900원~롱원피스티/후드/맨투맨
"8,500원",[커피빈]커피빈 모바일 1만원권  / 스마일페이
"13,750원",[아이오페]딥케어 틴트 립밤  2.8g
"48,560원",행복미 20kg 쌀 19년산 (당일도정 박스포장)
"275,000원",[천재교육] 2020년 월간우등생학습지+과학+논술_1년구성
"52,360원",[손오공](현대Hmall)[손오공] 헬로카봇 라이캅스
"18,900원",[빙그레]투게더 바닐라(대)1개+미니어쳐6개 +레트로보울+수저
"13,900원",[매일유업]매일두유 99.89 950ml 10팩 /우유/두유
"99,900원",[쿠첸]6인용 전기압력밥솥 CJS-FA0601V  음성안내 뚜껑분리형
"9,900원",{니트모아} 롱가디건/니트/빅사이즈/데일리/
"10,900원",[홈스타]홈스타 뿌리는 곰팡이싹  500ml 4개
"16,900원",[매일우유]초코 멸균우유 200ml 24팩+커피 멸균우유 200ml 24팩
"9,900원",[피에르다르장]피에르다르장 프랑스 만능 천연 국민세제 제거 클리너
"7,900원",마이셰프  찹스테이크(2인) 쿠킹박스
"12,900원",에이블린 기모후드/맨투맨/롱원피스/롱스커트/코트
"49,000원",[스위브]겨울아우터 초특가 할인. 오늘만 롱패딩 39000원~
"29,900원",[나무야나무야]나무야 도톰한 3겹데코 30m 30롤 3팩/화장지/휴지
"16,900원",[Aura]아우라 섬유유연제 윌유메리미 5.5L
"31,600원",[HP]HP A4 복사용지(A4용지) 75g 2500매 2BOX
"28,500원",[구글플레이](카드가능) 기프트코드 3만원 / 구글 기프트카드
"62,900원",[삼성전자]삼성 SL-J1660 잉크젯복합기 무한잉크프린터기 초특가
"32,000원",[아이오페]스템 앰플 30ml +  앰플 10ml + 아이오페5종+쇼핑백
"103,550원",[센스맘][Q]  에어매트리스 9존 12cm 퀸(겉커버 포함)
"28,900원",[모나리자]자이언트 3겹 22M 36롤 3개 총108롤 화장지 휴지
"7,900원",글램공감/노와이어 속옷세트/A~D컵/브라팬티세트
"7,900원",마이셰프 하우스비프스테이크(2인) 쿠킹박스
"13,900원",[머거본]2+1 꾸이한통2통+빼빼한통1통
"12,900원",[GFresh]청정해역 통영산 활가리비 2KG / 1일 1000개 한정특가
"25,630원",[다이소]공식판매처/택배박스/봉투/로고인쇄/당일발송/소량
"5,900원",[컬럼비아]컬럼비아 남여 브라/팬티/드로즈 특가
"18,900원",비이심플 무배/국내제작100 두툼니트/폴라넥/꽈배기
"39,600원",[영실업]시크릿쥬쥬 시크릿 셀카폰 특가
"10,900원",감귤나라 15KG 소과 (2S) 고당도  (대용량 초특가)
"9,900원",블랙앵거스 소고기 냉장 부채살 400g+솔트+소스 증정
"10,900원",[롯데제과]드림카카오3종(56%/72%/82%) x5개골라담기
"5,900원",[크린랲]에어프라이유산지/ 크린랩 종이호일 원형 (30매 x 2P)
"18,900원",[매일우유]커피우유 200ml 24팩+바나나는원래하얗다 235ml 24팩
"9,900원",글램공감/브라1+팬티2/속옷세트/빅사이즈/여성속옷
"9,900원",여성 목도리 머플러 캐시미어 밍크 퍼 장갑 담요 숄
"47,500원",황금미가 20kg 19년산 햅쌀 (당일도정)
"14,600원",[다우니]초고농축 다우니 섬유유연제 엑스퍼트 실내건조 1L 3개
"46,000원",(아웃백/토다이)Pays 외식/카페 결합 금액권 5만원권
"32,900원",[맥심]맥심 화이트 골드 커피믹스 320T /커피는 맥심~
"24,000원",[배스킨라빈스]핑크퐁과 함께 퍼즐을
"12,900원",블랙앵거스 소고기 살치살 스테이크 300g+솔트+소스
"22,880원",[팬틴]팬틴 실키 스무드 샴푸 500ML 4개 + 린스 500ML 2개
"9,900원",[엘라스틴]살롱드컬러 염색약 자연갈색 100g 2개
"48,000원",NnF 핏앤플레어 롱 패딩코트
"250,000원",(한정) 누리출판 사탕수수 수학동화 (본책50+워크북50+길잡이책1권)-세이펜별매
"15,900원",크리스마스 역대급특가 체리인형 콩지래빗 장난감50종
"2,900원",[서울마님죽]서울마님죽 17종 골라담기 {GP005} 한우소고기죽 500g
